{
  "ents_f": 85.5515654809,
  "ents_p": 85.8937524646,
  "ents_r": 85.212094115,
  "las": 89.7130416495,
  "tags_acc": 97.0493515238,
  "token_acc": 99.7579930934,
  "uas": 91.6218131967
}